{"cameraMode":{"drawMode":0,"name":"Shaded","section":"Shading Mode"},"sceneLighting":false,"audioPlay":false,"sceneViewState":{"m_AlwaysRefresh":false,"showFog":true,"showSkybox":false,"showFlares":true,"showImageEffects":true,"showParticleSystems":true,"showVisualEffectGraphs":true,"m_FxEnabled":true},"in2DMode":false,"pivot":{"x":9.192525863647461,"y":7.208390235900879,"z":-2.965775489807129},"rotation":{"x":0.004471419379115105,"y":-0.6667814254760742,"z":0.004000685177743435,"w":0.7452284097671509},"size":0.36538368463516238,"orthographic":false}