{"cameraMode":{"drawMode":0,"name":"Shaded","section":"Shading Mode"},"sceneLighting":false,"audioPlay":false,"sceneViewState":{"m_AlwaysRefresh":false,"showFog":true,"showSkybox":false,"showFlares":true,"showImageEffects":true,"showParticleSystems":true,"showVisualEffectGraphs":true,"m_FxEnabled":true},"in2DMode":false,"pivot":{"x":-0.7937155365943909,"y":0.017776401713490487,"z":1.4633616209030152},"rotation":{"x":0.12657396495342256,"y":0.1772345006465912,"z":-0.02299352176487446,"w":0.9757393002510071},"size":2.6275198459625246,"orthographic":false}