{"cameraMode":{"drawMode":0,"name":"Shaded","section":"Shading Mode"},"sceneLighting":false,"audioPlay":false,"sceneViewState":{"m_AlwaysRefresh":false,"showFog":true,"showSkybox":false,"showFlares":true,"showImageEffects":true,"showParticleSystems":true,"showVisualEffectGraphs":true,"m_FxEnabled":true},"in2DMode":false,"pivot":{"x":2.24643874168396,"y":-0.5198279023170471,"z":-0.11510491371154785},"rotation":{"x":0.037784408777952197,"y":0.9487914443016052,"z":-0.1245267391204834,"w":0.2879054844379425},"size":2.4073948860168459,"orthographic":false}